B,G,NIR,R,RE,RGB,size B,size G,size NIR,size R,size RE,size RGB
,,,,214J010771.tif,,,,,,512x510,
,212J010781.tif,215J010781.tif,,214J010781.tif,,,512x489,512x488,,512x480,
,,,,214J010851.tif,,,,,,512x506,
,212J010980.tif,215J010980.tif,,214J010980.tif,,,512x497,512x496,,512x488,
,,,,214J011410.tif,,,,,,512x510,
,212J012451.tif,215J012451.tif,,214J012451.tif,,,512x509,512x508,,512x500,
,,,,214J212501.tif,,,,,,512x508,
,,,,214J213540.tif,,,,,,512x506,
,,,,214JD13580.tif,,,,,,512x504,
,,,,214JD14051.tif,,,,,,512x508,
,,,,214JG10931.tif,,,,,,512x510,
,,,,214JG13620.tif,,,,,,512x506,
,,,,214JG14091.tif,,,,,,512x506,
,,,,214S015571.tif,,,,,,512x510,
,,,,214S015741.tif,,,,,,512x506,
,,,,214S018651.tif,,,,,,512x508,
,,,,214S018811.tif,,,,,,512x508,
,,,,214S019131.tif,,,,,,512x506,
,,,,214S019771.tif,,,,,,512x506,
,212S215781.tif,215S215781.tif,,214S215781.tif,,,512x509,512x508,,512x500,
,,,,214S218011.tif,,,,,,512x506,
,,,,214S218291.tif,,,,,,512x504,
,,,,214S218411.tif,,,,,,512x510,
,,,,214S218691.tif,,,,,,512x508,
,,,,214S218851.tif,,,,,,512x508,
,,,,214S219171.tif,,,,,,512x506,
,,,,214S219811.tif,,,,,,512x506,
,,,,214SD18051.tif,,,,,,512x506,
,,,,214SD18331.tif,,,,,,512x504,
,,,,214SD18451.tif,,,,,,512x510,
,,,,214SD18731.tif,,,,,,512x508,
,,,,214SD18891.tif,,,,,,512x508,
,,,,214SD19211.tif,,,,,,512x506,
,,,,214SD19851.tif,,,,,,512x506,
,,,,214SG15691.tif,,,,,,512x510,
,,,,214SG15861.tif,,,,,,512x510,
,212SG16011.tif,215SG16011.tif,,214SG16011.tif,,,512x493,512x492,,512x484,
,,,,214SG17131.tif,,,,,,512x506,
,,,,214SG18091.tif,,,,,,512x506,
,,,,214SG18371.tif,,,,,,512x504,
,,,,214SG18491.tif,,,,,,512x510,
,,,,214SG18771.tif,,,,,,512x508,
,,,,214SG18931.tif,,,,,,512x508,
,,,,214SG19251.tif,,,,,,512x506,
,,,,214SG19891.tif,,,,,,512x506,
,212T020531.tif,215T020531.tif,,214T020531.tif,,,512x511,512x510,,512x502,
,,,,214T022811.tif,,,,,,512x506,
,212T023251.tif,215T023251.tif,,214T023251.tif,,,512x507,512x506,,512x498,
,,,,214T026171.tif,,,,,,512x510,
,,,,214T026811.tif,,,,,,512x504,
,,,,214T027211.tif,,,,,,512x508,
,212T027531.tif,215T027531.tif,,214T027531.tif,,,512x489,512x488,,512x480,
,,,,214T027861.tif,,,,,,512x510,
,212T028331.tif,215T028331.tif,,214T028331.tif,,,512x505,512x504,,512x496,
,,,,214T028341.tif,,,,,,512x504,
,,,,214T028661.tif,,,,,,512x506,
,212T028971.tif,215T028971.tif,,214T028971.tif,,,512x503,512x502,,512x494,
,212T028981.tif,215T028981.tif,,214T028981.tif,,,512x505,512x504,,512x496,
,212T029131.tif,215T029131.tif,,214T029131.tif,,,512x497,512x496,,512x488,
,212T02914D.tif,215T02914D.tif,,214T02914D.tif,,,512x511,512x510,,512x502,
,212T220571.tif,215T220571.tif,,214T220571.tif,,,512x511,512x510,,512x502,
,,,,214T222531.tif,,,,,,512x508,
,212T223291.tif,215T223291.tif,,214T223291.tif,,,512x507,512x506,,512x498,
,,,,214T223971.tif,,,,,,512x508,
,212T224211.tif,215T224211.tif,,214T224211.tif,,,512x505,512x504,,512x496,
,,,,214T225901.tif,,,,,,512x508,
,,,,214T226211.tif,,,,,,512x510,
,,,,214T226851.tif,,,,,,512x504,
,,,,214T227251.tif,,,,,,512x508,
,212T227571.tif,215T227571.tif,,214T227571.tif,,,512x489,512x488,,512x480,
,,,,214T227901.tif,,,,,,512x510,
,212T228371.tif,215T228371.tif,,214T228371.tif,,,512x505,512x504,,512x496,
,,,,214T228381.tif,,,,,,512x504,
,,,,214T228701.tif,,,,,,512x506,
,212T229011.tif,215T229011.tif,,214T229011.tif,,,512x503,512x502,,512x494,
,212T229021.tif,215T229021.tif,,214T229021.tif,,,512x505,512x504,,512x496,
,212T229171.tif,215T229171.tif,,214T229171.tif,,,512x497,512x496,,512x488,
,212T22918D.tif,215T22918D.tif,,214T22918D.tif,,,512x511,512x510,,512x502,
,212TD20611.tif,215TD20611.tif,,214TD20611.tif,,,512x511,512x510,,512x502,
,212TD22691.tif,215TD22691.tif,,214TD22691.tif,,,512x505,512x504,,512x496,
,,,,214TD22731.tif,,,,,,512x510,
,212TD23331.tif,215TD23331.tif,,214TD23331.tif,,,512x507,512x506,,512x498,
,,,,214TD24011.tif,,,,,,512x508,
,212TD24251.tif,215TD24251.tif,,214TD24251.tif,,,512x505,512x504,,512x496,
,,,,214TD25941.tif,,,,,,512x508,
,,,,214TD26251.tif,,,,,,512x510,
,,,,214TD26891.tif,,,,,,512x504,
,,,,214TD27131.tif,,,,,,512x504,
,,,,214TD27291.tif,,,,,,512x508,
,212TD27611.tif,215TD27611.tif,,214TD27611.tif,,,512x489,512x488,,512x480,
,,,,214TD27941.tif,,,,,,512x510,
,212TD28411.tif,215TD28411.tif,,214TD28411.tif,,,512x505,512x504,,512x496,
,,,,214TD28421.tif,,,,,,512x504,
,,,,214TD28741.tif,,,,,,512x506,
,212TD29051.tif,215TD29051.tif,,214TD29051.tif,,,512x503,512x502,,512x494,
,212TD29061.tif,215TD29061.tif,,214TD29061.tif,,,512x505,512x504,,512x496,
,212TD29211.tif,215TD29211.tif,,214TD29211.tif,,,512x497,512x496,,512x488,
,212TD2922D.tif,215TD2922D.tif,,214TD2922D.tif,,,512x511,512x510,,512x502,
,212TG20651.tif,215TG20651.tif,,214TG20651.tif,,,512x511,512x510,,512x502,
,,,,214TG22771.tif,,,,,,512x510,
,,,,214TG22851.tif,,,,,,512x506,
,,,,214TG24051.tif,,,,,,512x508,
,212TG24291.tif,215TG24291.tif,,214TG24291.tif,,,512x505,512x504,,512x496,
,,,,214TG25981.tif,,,,,,512x508,
,,,,214TG26291.tif,,,,,,512x510,
,,,,214TG26931.tif,,,,,,512x504,
,,,,214TG27171.tif,,,,,,512x504,
,,,,214TG27331.tif,,,,,,512x508,
,212TG27651.tif,215TG27651.tif,,214TG27651.tif,,,512x489,512x488,,512x480,
,,,,214TG27981.tif,,,,,,512x510,
,212TG28451.tif,215TG28451.tif,,214TG28451.tif,,,512x505,512x504,,512x496,
,,,,214TG28461.tif,,,,,,512x504,
,,,,214TG28781.tif,,,,,,512x506,
,212TG29091.tif,215TG29091.tif,,214TG29091.tif,,,512x503,512x502,,512x494,
,212TG29101.tif,215TG29101.tif,,214TG29101.tif,,,512x505,512x504,,512x496,
,212TG29251.tif,215TG29251.tif,,214TG29251.tif,,,512x497,512x496,,512x488,
,212TG2926D.tif,215TG2926D.tif,,214TG2926D.tif,,,512x511,512x510,,512x502,
,,,,234D003741.tif,,,,,,512x506,
,,,,234E005790.tif,,,,,,512x508,
,,,,234J013121.tif,,,,,,512x507,
,,,,234J013561.tif,,,,,,512x507,
,,,,234T022831.tif,,,,,,512x510,
,,,,234T022861.tif,,,,,,512x504,
